,RiskPerformance
4622,1
3310,0
4539,0
3161,1
10307,1
9799,0
2862,0
8520,1
2208,0
6328,1
4212,1
2027,1
5534,1
4163,0
3514,0
9341,1
6285,1
9195,0
9539,0
9118,1
8739,0
8,0
5636,0
1466,1
9318,1
1600,0
9934,0
8181,0
3263,1
10452,1
2717,0
6561,0
583,1
9020,0
2848,1
8432,1
7578,1
4646,0
9095,1
7726,0
10449,1
3641,1
293,1
5286,0
5365,1
9164,0
8772,0
6547,0
3220,0
758,1
9029,0
5959,0
3832,1
2138,0
5195,1
9478,0
8379,1
6667,0
4115,0
5479,1
6333,0
9204,0
7636,1
6349,1
10364,0
4352,0
5439,1
5263,0
3916,1
5127,1
3195,1
8780,0
3284,1
492,0
219,0
119,0
5252,0
16,0
9956,1
9520,0
2774,0
8008,1
7605,0
1690,0
10456,0
1708,0
4144,1
10260,1
1739,1
1804,0
3247,0
1957,1
8184,0
5566,0
4507,1
9379,1
5571,0
8354,1
9289,1
9966,1
2018,0
8538,0
6127,1
7342,0
5211,0
5165,0
6304,0
5649,1
8253,0
8438,0
10222,0
7059,0
8856,1
94,1
4467,1
2198,0
4160,0
5413,0
3063,0
5561,1
1565,0
8035,0
7384,1
6386,1
3947,1
8145,1
6396,0
6608,0
7558,0
5268,0
9149,0
78,1
8775,0
9856,1
5675,0
2123,1
7883,0
7477,1
5998,1
401,1
3594,0
3163,1
4475,1
6364,0
8474,0
8015,1
4980,1
9544,1
3935,1
1532,1
7845,1
10232,0
8304,0
4102,0
7549,0
8812,0
720,0
4107,0
532,0
914,1
2021,1
6292,1
5014,1
3256,1
5257,0
7806,0
6259,1
5886,0
3037,0
952,1
1570,0
8871,1
4715,1
2834,0
2765,1
1633,1
396,0
7020,1
818,1
7509,0
5518,1
1630,0
4991,1
3038,1
9576,1
5869,0
2043,0
904,0
10323,1
9441,0
4064,1
5980,0
6011,1
5543,1
7702,0
7469,0
1702,0
1888,1
2685,1
1748,0
1672,0
174,0
3604,1
2011,0
3693,1
6927,0
10029,1
4896,0
10142,1
10107,1
10231,1
7658,0
6069,1
1845,0
9861,0
2295,0
8011,1
2724,0
6698,0
3362,0
9031,1
9801,1
6072,1
9221,1
4329,0
8205,0
2697,0
6683,0
194,1
6949,1
4354,0
6774,0
4016,1
8073,1
932,1
4522,0
6862,1
6742,1
9979,1
2811,0
7735,1
7002,0
2523,0
7030,1
4914,1
9013,0
5098,1
7023,1
6012,0
2163,0
9688,0
2592,1
7351,0
7211,0
1001,0
49,0
2496,0
759,0
4659,0
7195,1
9268,0
4566,0
2374,0
2035,0
2996,1
1757,0
5882,0
8698,0
7376,0
8985,0
562,0
8431,0
1607,0
4949,1
8127,0
3440,1
3048,1
4152,0
6898,0
9942,0
495,0
2979,0
1929,0
2162,1
177,1
934,1
2809,0
6810,1
10286,1
6117,1
8336,0
1579,0
6109,0
7256,1
6375,1
9810,0
2655,1
1745,0
3838,1
7512,0
8617,1
6392,1
7731,0
2850,0
5828,0
8324,1
7574,1
360,1
8945,0
5102,0
3414,0
3864,0
9455,0
10441,1
4223,0
577,1
7092,1
5434,0
3975,1
7405,0
483,1
1573,1
7888,1
2863,0
4453,0
4893,1
392,0
7700,0
1759,0
3753,1
9784,1
6860,0
6272,1
9827,1
1766,0
2464,0
4657,1
9400,1
3595,1
7301,1
6370,0
3683,1
9686,1
9895,1
6621,0
3345,1
845,1
5322,0
10273,1
529,0
8999,0
3350,1
2151,1
2336,1
6746,0
3197,1
3451,1
6193,1
2881,0
2055,0
6256,1
6213,1
128,0
2188,0
5144,0
839,1
4728,1
355,0
6160,1
228,0
10279,1
6433,0
7429,1
8563,0
4033,1
5341,0
3903,1
8179,0
6669,0
9672,1
2744,0
2704,0
3707,1
4169,1
2029,1
8066,1
5384,0
5196,1
5713,0
2973,1
4809,1
9019,0
3635,1
3892,0
6472,0
8562,1
8836,0
2492,1
8279,1
1669,0
7829,0
1547,0
8912,0
3735,1
5847,0
2805,1
5814,0
4685,1
7593,0
4912,1
5421,1
3395,1
2461,0
351,1
1726,1
6241,1
5725,0
299,1
45,0
221,1
2296,1
4127,0
5657,0
835,1
8636,1
9111,0
143,1
8970,0
3518,1
3736,1
454,0
6073,1
8764,0
7433,0
2986,1
8409,1
2148,0
4527,0
4656,0
5373,0
2477,0
6502,0
8371,0
4939,1
2091,0
2189,0
3471,1
3668,1
6663,0
7844,0
6906,0
9010,1
3716,1
3517,1
8121,1
4872,1
3156,0
1043,0
4307,0
10019,0
3127,0
9352,1
1687,0
1752,0
1002,0
1047,1
598,1
5966,1
8596,1
8821,1
7158,0
572,0
6889,0
6197,1
416,1
2938,1
101,1
4885,1
7247,0
4133,0
8517,1
2300,0
9333,1
3483,1
9230,1
5194,1
8527,0
2450,0
5282,0
6765,1
6751,0
4962,1
7553,0
6498,1
6343,0
10227,1
7263,1
7534,1
8486,0
795,1
5927,1
3267,1
6542,1
9306,1
4473,1
10229,1
7436,1
4891,1
1020,1
7556,1
10059,0
6039,0
3969,1
5207,1
6206,1
4295,1
8816,0
1886,0
9315,1
989,1
4859,1
7781,0
3880,1
1900,0
8933,0
1803,0
6541,0
6507,1
7711,0
9147,1
9936,0
7434,0
9591,1
5336,0
9475,0
8506,0
8993,0
8189,0
6636,0
2254,1
2880,0
7153,0
2846,0
6688,0
4967,0
312,0
3524,1
2840,0
1943,0
7817,0
2498,0
7008,0
743,1
399,1
4114,0
7682,0
6230,1
3723,1
76,0
9236,0
2443,0
6442,0
9338,1
622,1
7529,0
2603,0
7622,1
7763,1
8894,1
2223,1
168,1
5092,0
8591,1
10124,1
10268,1
4969,0
8413,0
6909,1
2703,0
4794,0
6619,1
6942,1
1974,1
3831,1
10139,1
8809,1
7474,0
6685,1
1025,1
7789,0
4103,0
9577,1
3622,1
2,0
1012,0
2639,1
2653,1
7475,1
9716,1
3154,1
10200,1
2307,1
2142,0
1517,0
366,0
9105,0
9245,1
7186,1
73,0
10290,1
6585,0
5573,0
2268,0
8483,0
5371,1
2512,1
5577,0
9445,0
8533,1
5618,0
10346,1
576,0
9277,0
6122,1
5095,1
8594,1
8853,1
7250,0
2625,0
2854,0
5312,0
36,0
8580,0
5453,1
5274,0
996,1
2819,1
8687,0
8582,1
6787,1
5914,0
7510,1
3896,1
9971,1
7414,1
3757,1
8341,1
2089,0
5167,0
6938,1
551,0
10243,1
4190,0
3137,0
6297,1
4951,0
10407,1
4793,0
7132,0
9545,1
6512,0
9405,1
3873,1
426,1
7640,0
2738,1
5631,0
5684,0
2661,1
3993,1
9864,0
2274,1
1639,1
6828,0
883,0
8877,0
1516,1
7128,1
4720,1
6879,1
4890,1
125,0
2800,0
7793,0
9839,0
5186,1
981,1
8861,0
8113,1
6395,0
4501,0
6548,1
5511,1
6543,0
3080,0
1561,0
2510,0
2312,0
2466,0
8163,1
6695,0
4764,1
8990,0
9616,1
1660,0
2180,0
4065,1
7120,1
4514,0
8215,0
3029,1
8083,0
1882,1
1512,0
2591,0
9507,0
7235,0
7115,0
5946,1
10345,0
9440,1
8909,1
3599,1
5155,0
288,0
7498,1
8109,1
4594,0
4325,1
4203,0
3,0
2034,1
2525,0
7953,1
6203,0
7494,1
1820,0
2650,0
2222,0
9160,0
5106,0
3438,0
7500,0
3614,0
4928,1
9390,0
3766,1
8469,0
8017,1
9754,1
3309,1
2493,1
1928,1
1801,0
7775,0
661,1
8642,1
923,0
3917,1
10134,1
5420,0
5403,1
8149,1
3535,1
10042,1
10218,1
6747,1
328,0
4189,0
3531,1
10237,0
6777,0
1703,1
4683,0
1816,0
4471,1
2701,0
5164,1
2769,1
2736,1
4502,0
6627,0
5747,0
7383,1
5114,0
3215,0
3424,1
4571,0
77,0
5138,0
1935,0
5915,0
2901,0
8571,0
10378,1
1542,0
7117,0
7526,0
976,1
8884,0
7273,0
4333,1
3576,1
5247,0
3298,1
4089,0
210,1
6114,1
7977,1
7053,1
10144,1
7284,0
8550,0
9959,1
4698,0
6245,0
7390,0
6443,1
7797,0
2734,1
878,1
2290,0
8889,0
5118,0
688,0
3881,1
8131,1
8717,1
469,1
2342,1
7822,1
9825,1
843,0
10212,0
6723,0
524,0
1756,1
5704,0
5850,1
9790,1
4147,0
7184,1
4699,1
619,0
9465,0
531,0
5686,0
4624,1
6925,1
4379,0
670,1
3871,0
3592,0
782,1
4082,0
8866,1
2936,1
2132,1
1567,1
7388,1
9410,1
6415,0
7106,0
4714,0
3817,0
437,0
6170,1
8721,0
6513,0
1507,1
9168,0
7699,1
8097,1
5198,1
3124,1
9994,1
2916,1
4676,0
737,1
7692,1
8835,0
2705,0
1835,0
8503,0
1531,0
3171,1
8888,0
2884,0
4408,0
10419,1
7689,1
4712,0
6737,1
4008,1
2219,0
3295,1
314,1
4506,0
3494,1
2324,0
625,1
9074,1
3814,1
5630,1
5078,1
4533,0
1059,0
9813,0
9066,0
5058,0
1735,1
8197,0
5042,0
3719,1
8619,1
2101,0
2001,0
4860,1
9625,1
6124,1
2911,1
6070,0
7329,1
4918,1
8874,0
193,0
4703,1
7890,0
708,1
3034,1
4702,1
3956,1
5812,0
9529,0
9174,0
10388,1
3033,1
7621,0
2489,0
7873,1
9626,1
7600,0
4258,0
7099,1
4045,1
7449,1
5931,0
9578,0
3527,1
8746,0
9588,0
6046,1
9313,1
3287,1
682,1
7996,1
7252,0
6010,0
2876,0
2273,0
5246,0
877,1
9248,0
10067,1
5006,1
8613,0
4958,1
7637,1
2527,1
7603,0
2684,0
516,0
9610,1
5875,1
7325,1
7991,0
10406,1
2749,0
4972,1
8407,0
2777,0
6974,1
208,1
961,0
9792,1
6956,1
7583,0
9436,0
6497,0
2369,0
6465,0
8997,1
4835,1
243,0
3365,0
6799,0
649,1
9711,1
3504,1
1722,0
716,0
643,1
6126,1
9631,0
5190,1
282,0
8557,1
2289,1
1855,1
7308,0
10233,0
4517,1
2395,0
6918,1
8176,0
9146,0
2732,1
7848,0
7624,1
7154,0
2743,1
4497,0
10373,0
8870,1
7452,0
1671,0
180,0
4173,1
7330,0
10443,1
6302,1
2380,0
5065,0
3746,1
9904,0
6993,1
5388,1
1992,0
7728,1
2022,0
25,0
7159,0
8882,0
1727,0
5851,1
5603,0
7606,0
2248,0
3422,1
2746,0
1524,1
1774,1
6708,1
8284,1
7156,1
8294,0
6324,0
5759,0
9298,1
1837,0
5926,1
1885,0
823,1
6099,1
6916,1
3188,0
4131,0
10032,1
307,0
7670,0
7399,0
418,0
3798,1
3389,1
7718,0
3359,1
8058,1
9671,0
9057,1
2664,0
160,1
4670,0
8412,0
4596,1
7565,0
9052,1
10088,1
8540,1
5499,1
4168,1
6286,1
8394,0
7803,1
4278,0
7895,0
7709,0
9227,1
4687,1
3028,1
3346,0
4092,0
5889,1
4000,0
2398,1
1044,1
3236,1
2629,0
2335,0
4943,1
7955,1
8280,0
6793,0
2191,0
6546,0
8096,1
4961,1
10288,1
5368,0
7428,0
5348,0
2045,0
6414,0
6509,0
3075,0
4601,0
10411,1
4062,0
6242,0
731,0
4911,1
3258,1
9254,0
6575,0
10422,1
10083,0
6113,1
6655,0
6243,0
4322,1
2415,1
8858,0
3609,0
6460,0
157,1
5057,0
3694,1
5377,0
1475,1
6180,1
6756,1
4235,0
4153,0
6895,1
9632,1
7730,1
5612,0
2923,0
7236,1
5408,0
9728,1
1514,1
7136,1
415,0
2531,0
1626,1
2991,0
2476,0
3337,0
3571,0
1736,1
2994,1
2241,1
5826,1
8954,0
3083,1
7084,1
5097,1
2305,0
4143,1
9250,1
1060,1
4369,0
1608,1
978,1
7425,1
6907,1
1779,0
3153,0
7451,0
6201,1
4309,0
4941,1
6270,0
8080,1
2192,0
9594,0
6100,0
984,0
7296,1
456,0
4373,1
1964,1
2168,0
4724,0
5115,0
1698,0
1778,0
1026,1
7471,1
9787,0
7248,0
4009,1
6076,1
4340,1
2421,0
7276,0
4504,1
9911,0
5676,0
5324,0
6624,0
751,1
3777,0
4947,1
6006,0
3617,0
578,1
2562,0
8387,0
1718,1
4812,1
4965,1
8630,0
3984,1
8726,0
5961,0
4038,1
5971,1
2796,0
10258,1
8893,0
2242,0
3781,1
5362,0
7951,1
3490,1
1032,0
6553,0
6097,0
10049,0
5576,1
5652,1
2561,0
10176,0
3981,1
556,1
2181,1
3652,1
5391,1
6283,1
7380,1
8077,1
9213,0
6690,0
8962,1
5913,0
6271,1
9832,0
6715,1
3920,1
4830,1
7838,0
657,0
7853,0
1919,0
4679,0
5506,0
7987,1
8046,0
9167,1
6532,1
7004,1
2350,1
6753,0
10109,0
5994,0
3432,1
6029,1
6266,1
3386,1
9791,0
10296,0
1993,1
4041,0
5894,0
5935,1
7533,0
7225,0
8600,1
9779,1
2003,1
5180,0
9899,1
5267,0
518,1
6592,0
3305,1
2193,0
4573,0
9113,0
6420,0
6078,1
2566,0
4932,1
2403,0
9517,0
3321,1
3962,1
10338,1
5530,0
8684,0
1791,1
3951,1
7601,0
8240,0
5734,0
7007,0
9886,0
1814,0
8245,0
9387,1
5074,1
6930,1
2507,0
2078,1
5313,0
8964,1
2137,1
24,0
7131,0
4935,1
5602,0
6559,1
575,1
3826,1
5374,1
6556,0
6570,0
8468,0
10354,1
153,0
8171,0
1477,0
8827,0
4810,0
5690,0
4253,0
10094,0
2941,0
10282,0
6079,1
4615,0
5863,1
8850,1
4621,1
2776,1
10426,1
6501,0
5132,1
5141,0
3433,1
2569,0
5146,0
1763,0
1497,0
5248,1
5781,1
1014,1
2922,1
5799,1
3780,1
4208,0
4005,1
4904,1
2990,1
7969,1
2309,1
8627,1
6009,1
8577,1
2009,1
10058,0
63,1
281,0
8157,1
645,0
6839,1
9438,0
2203,1
3062,0
10204,1
2898,1
4599,1
2338,0
2755,1
216,0
4205,0
6848,1
6309,1
3067,1
4056,1
801,1
3525,0
611,1
8360,1
2913,0
8815,1
7322,0
10257,0
9887,1
9449,0
3643,0
2016,0
290,1
6970,0
6278,1
3755,1
9795,0
8329,1
5064,0
4511,0
95,1
1592,1
1499,0
1494,1
1534,0
4362,1
7420,1
3413,0
3970,1
1706,0
4563,0
3226,1
7989,1
166,0
9729,1
9501,0
9532,0
441,1
6508,0
5272,0
7200,0
2992,0
8087,0
4655,0
909,1
4241,1
8968,0
1832,0
2621,0
2508,0
209,0
5385,0
6212,1
6864,1
2410,1
453,0
1631,0
5451,0
2892,0
363,1
5045,0
9417,0
2683,1
4992,0
7108,0
9224,1
5241,0
4046,1
8494,0
3129,0
2058,0
5908,1
318,1
8452,0
3674,1
6855,1
9104,1
6780,1
2501,0
6447,0
7264,1
10111,1
1614,0
6157,1
9700,1
7767,1
3142,0
71,1
8079,0
10136,0
9746,0
3470,1
75,1
6537,0
2951,1
6978,1
4913,0
6587,0
3442,1
2112,0
4868,0
7764,1
7810,1
5087,0
8364,1
1781,1
9350,0
1927,0
9649,1
6315,1
1721,0
1609,0
6680,1
2479,0
5176,1
4495,1
2622,0
6629,0
9763,1
8957,0
1942,0
2393,0
2480,0
3737,1
9938,1
1969,0
8578,1
8640,1
4463,0
10271,0
4227,0
6151,1
9355,1
98,1
7696,1
1487,1
3583,1
8949,1
6835,1
8777,1
6934,1
3428,0
10287,0
9153,0
7939,0
2249,1
4567,0
3623,1
4384,1
5429,0
8490,0
640,1
10037,1
3261,1
9866,0
7169,1
6172,0
5873,1
2917,1
8305,0
5330,0
8813,0
9070,0
8649,0
4971,1
7348,0
8832,1
8056,0
760,1
608,0
9734,1
999,0
4480,0
5273,0
10072,1
2145,0
8664,1
715,1
5693,0
3486,1
4559,0
5188,0
3232,1
7074,1
10245,1
9296,1
647,1
10215,0
10064,1
10128,1
8528,0
1673,0
3132,1
7504,1
3610,1
8318,0
8644,0
4645,0
8276,0
9359,1
9822,0
8246,0
5046,0
5508,0
5140,0
2608,1
3214,0
510,0
9452,0
9880,1
10047,0
4805,1
1070,1
9027,0
5991,1
7261,0
8191,1
4393,1
2269,0
4122,0
8479,0
7787,1
3101,1
2082,0
41,1
2456,1
4529,0
449,0
620,0
8297,1
993,1
7298,0
7653,1
4431,0
7366,0
9735,1
5776,0
9434,1
9451,0
479,1
6577,1
7660,1
4197,0
589,0
913,0
9963,0
2213,0
8608,0
232,1
3030,1
4279,0
3912,1
4488,1
1629,0
311,0
4368,0
6489,0
4261,1
1978,1
1764,1
2371,1
7926,1
9473,0
10210,0
2905,0
8525,0
824,1
4568,0
9039,1
3998,0
2896,1
7201,0
4448,1
2756,1
519,1
205,0
2715,0
5243,0
4826,1
4653,1
7906,1
10076,1
7076,0
9196,1
3680,0
3057,1
787,1
3677,1
6634,0
10202,1
8345,0
9564,1
1498,1
5930,1
6729,1
4874,1
6486,0
6836,1
9259,1
3021,0
8004,0
6908,1
2919,0
2116,0
3114,0
7956,0
3758,0
5764,1
5174,0
4988,0
8462,0
7694,0
3742,1
614,0
5514,0
374,0
6868,1
7657,0
7861,0
5212,0
10255,0
402,1
3570,1
7100,0
8901,1
8337,0
8798,0
2253,0
5520,0
970,1
840,0
5296,0
10006,1
3965,1
736,1
372,0
10070,1
5787,1
3383,1
10314,1
2956,1
766,1
8082,1
4179,1
6327,0
926,1
2031,1
408,1
907,1
4306,0
10439,1
10132,0
4719,0
276,0
10400,1
1485,1
549,1
10146,0
825,1
3097,1
726,1
2357,0
9550,1
9925,1
3541,0
1915,0
4275,1
7077,0
2970,1
9206,1
5454,1
333,1
5661,1
6345,0
4085,0
6921,1
4457,0
9862,0
9651,0
9502,0
2590,0
9493,0
3107,0
5081,0
4602,1
4744,0
1705,1
534,1
7331,1
1936,0
8161,0
5791,0
558,0
9292,1
679,1
1620,0
3158,1
4044,1
1069,1
4556,1
3092,1
3985,1
712,1
4780,1
6177,0
951,1
2552,1
3885,1
294,1
3510,1
6829,1
5811,1
3754,1
7942,1
8635,1
2008,0
520,1
8904,0
3728,1
3790,0
10445,1
7631,1
8414,1
4711,1
8946,0
8356,0
5632,1
7505,0
9548,1
4330,0
383,0
7205,1
2688,0
4470,0
1602,1
9575,1
10425,0
9984,0
4838,1
5314,1
3982,1
5472,0
1595,0
9630,1
9546,1
2818,0
2667,1
8129,1
6880,1
5154,0
6248,0
9506,0
8051,0
6187,1
5936,1
7161,0
10362,1
7982,1
9574,1
8237,0
7282,0
6689,1
7816,0
9367,0
2912,0
417,1
5885,1
5258,1
6590,0
5555,0
7903,0
2539,0
6022,1
7095,1
9435,1
2975,1
8685,0
239,1
6321,1
4903,0
9829,0
9737,1
7402,1
3166,0
3752,0
7188,0
2763,1
10,1
3405,0
8293,1
6664,0
7858,0
887,1
10028,1
9896,1
3393,1
3759,0
6204,1
8787,0
2966,1
9668,1
8614,1
6419,0
6640,0
2015,0
3633,1
3628,1
10194,1
3407,1
4617,0
5891,0
7345,0
4286,0
4576,1
2889,1
93,0
793,1
4297,0
6618,1
7098,1
2611,0
7208,0
7123,1
4416,0
4761,1
2257,1
2334,0
3329,1
1042,1
9322,0
7254,1
6400,1
1068,1
337,1
725,0
4686,0
7193,0
1563,0
9949,1
7659,0
1806,1
6890,1
5902,0
8855,1
169,1
5035,0
7869,1
6210,1
8030,0
6720,1
3325,0
2381,0
7638,0
2048,0
1670,1
4075,0
1799,0
9380,1
6095,0
7928,1
6775,1
8732,1
6776,0
1067,1
3959,1
3522,1
9084,0
9291,1
5939,1
3000,1
7140,0
2961,0
9121,1
5746,0
662,1
9132,0
9646,0
455,0
2302,1
376,0
2129,0
6923,1
8697,0
9444,0
4185,0
7047,1
9982,1
9589,1
1977,0
5232,0
1772,0
2853,0
6246,1
4770,1
6129,1
8524,0
9706,1
9865,0
7139,0
7962,1
3466,1
6814,1
145,0
3629,1
5401,1
925,1
2551,1
3815,1
8879,0
1016,0
116,0
9770,0
8545,1
8445,0
5923,1
9477,0
4922,1
8511,1
9373,1
9342,1
6024,0
4400,0
2615,0
5584,1
1076,0
9144,1
5960,0
1559,0
1914,0
2950,1
8338,0
1605,0
8762,1
132,0
8289,1
8168,0
9759,0
5493,0
8007,1
4505,0
3313,1
3001,1
8834,0
3110,0
9135,0
6481,1
3579,0
5712,0
7416,0
5410,1
3701,1
9559,1
9357,0
8570,0
4635,1
4364,0
8623,1
5061,0
5405,1
5878,1
9377,1
8187,0
1548,1
3341,1
780,1
3070,0
7461,0
2075,0
2470,1
7519,0
4280,1
3109,0
9535,1
4600,0
4897,0
9828,1
10041,0
7877,1
9601,1
6236,1
2587,0
2954,1
165,0
5767,0
6781,1
1635,1
8274,1
2989,0
2939,0
7280,0
3690,1
8886,1
6,1
6665,1
7016,1
10010,0
4412,0
7408,1
6427,0
3513,1
7834,1
7266,0
2708,1
7314,0
623,1
10177,0
9573,1
3511,1
2869,1
7209,0
7886,1
1921,0
7113,0
5022,1
5205,1
2827,0
6527,0
6463,0
7221,1
1642,0
5538,0
1701,0
1905,0
4003,1
3640,1
542,1
7431,1
2311,1
5298,0
6054,1
696,1
6754,1
8508,1
5309,0
5911,0
6028,1
9447,1
4626,1
2509,1
5253,0
9988,0
4260,0
352,1
9547,0
1827,0
721,1
10262,1
5470,1
9657,0
1590,0
4708,1
8689,0
8234,0
4917,1
9713,1
8128,1
2858,0
8703,1
6727,0
1062,0
6273,0
613,1
6027,0
1823,1
3241,0
4905,1
4908,1
4289,0
178,0
8363,0
2679,0
8292,1
9178,0
10303,1
8994,1
2518,1
4963,1
4051,0
3663,1
6833,1
3897,0
6997,1
2999,1
10235,0
4629,1
3927,1
6277,1
4151,0
9642,0
6398,0
680,0
2452,1
681,0
1939,0
5442,1
9702,1
7119,0
4636,1
5112,1
7547,0
4243,1
1831,1
6331,1
4452,0
6000,0
4318,0
2920,0
4319,1
8264,0
6279,1
8378,1
4492,1
9531,0
4043,1
8206,0
6851,1
8068,1
4575,0
3455,0
4746,1
5925,0
2172,0
3654,1
3244,1
5066,0
8512,1
8656,1
3409,0
4359,1
4088,0
1894,1
4560,1
8980,0
4662,0
5829,0
7739,0
6106,1
5941,0
10352,1
10438,1
3704,1
3799,1
1504,1
694,1
58,0
4013,1
2389,1
6944,0
7073,0
10442,1
2952,1
3338,0
7294,0
3924,1
1621,0
8167,1
2977,0
6209,1
6493,0
2529,0
398,1
2888,0
3534,1
7486,0
6736,0
8535,1
1476,0
7543,0
7610,0
1865,0
5670,1
1484,1
6738,0
5332,0
6597,1
768,0
3399,1
7899,0
2764,1
2460,1
7269,0
2570,0
215,1
804,1
6158,1
148,0
8631,1
2540,0
5334,0
8788,0
7615,0
3492,1
189,1
6215,1
6301,0
2610,1
2687,1
9798,1
1506,0
6630,0
8903,1
3196,1
4564,0
4519,0
1623,1
72,0
4423,0
1632,0
2059,0
6181,1
5962,0
4137,0
10326,1
2555,1
7875,0
7389,0
6957,1
7667,0
3767,1
2199,0
4845,1
7511,0
5214,0
8434,1
9515,0
3363,1
6403,0
7446,0
9065,0
7309,1
610,1
5989,1
5629,0
326,0
10339,1
9137,0
7203,1
9993,1
3844,1
7911,1
3738,0
8151,1
2130,1
4509,0
3526,1
1797,0
8500,1
4546,1
1807,0
4704,1
10022,0
9656,1
6514,0
390,1
3420,1
105,0
9703,1
9059,1
5492,0
3775,1
8896,0
1511,0
5616,1
7102,0
3009,1
830,1
10114,0
7722,0
5386,0
3429,1
735,0
5181,0
4321,0
3906,0
4852,1
6422,0
9073,0
4276,0
3768,0
5021,1
905,1
9035,0
7892,1
8249,0
247,1
8808,0
9176,0
8665,0
1500,0
4409,1
728,0
6190,1
7589,0
8599,0
9214,0
8793,0
3971,0
3224,0
8696,0
3342,0
2906,1
7897,0
10280,1
7508,0
1005,0
1954,0
10140,1
1037,0
8966,0
8147,1
285,1
2220,0
8755,0
9758,0
4142,1
2353,1
1987,0
9488,0
7370,1
4857,1
6469,0
705,0
4520,1
3091,0
3711,1
7227,1
4376,1
4455,0
6847,0
10098,0
6071,0
9209,0
5302,1
6043,1
5321,1
8981,1
3076,0
8736,0
6007,0
8825,1
3851,1
4933,0
6843,1
5967,1
3418,0
5495,1
7586,0
10435,1
5905,1
5827,0
8369,0
7238,0
7230,0
6457,0
6654,0
4027,1
4973,1
7302,0
6897,0
8199,0
4404,0
5709,0
379,1
5437,0
4786,1
852,1
8939,0
8638,1
919,1
9845,0
7732,1
1505,0
339,0
1777,1
9282,1
6305,1
5406,0
5977,0
6390,0
7190,0
6275,1
7719,0
9290,1
3986,1
5297,0
9466,0
5896,1
9399,0
7462,1
5589,1
3230,1
10335,1
9166,1
5944,1
10034,1
1599,1
473,1
3656,1
7048,0
7379,1
5048,0
2036,1
2171,1
7036,1
7904,0
385,0
7749,1
8979,0
4623,0
8435,1
5383,0
7849,0
3353,1
3064,0
8110,1
4435,1
6735,0
2652,0
5221,0
5621,1
7183,1
6770,1
3858,1
487,1
9026,1
707,1
8173,0
6159,1
4242,0
6291,1
5544,0
3145,0
2263,1
7674,0
9347,0
8914,0
7430,1
6428,0
2004,1
571,0
7233,1
10424,0
3939,0
305,0
2607,0
6141,1
7392,1
4587,0
5172,0
3582,0
2931,1
7287,1
4632,0
7562,1
2235,1
6107,1
7801,1
3725,0
3553,0
6844,0
4803,0
10253,1
2474,0
5152,1
7081,1
7946,1
6549,1
4358,0
2491,1
258,0
5934,0
3658,1
7418,0
2635,1
2339,1
3574,1
6314,0
7898,1
7521,1
3676,0
9878,1
2316,0
7524,0
7630,0
2823,0
4401,0
4734,0
3718,1
9972,1
6144,0
9783,0
4811,0
6783,0
5705,0
8534,0
4259,0
2318,0
1038,0
220,1
4907,1
10230,1
4784,1
2735,1
5706,0
3702,1
6455,0
2231,0
2085,1
4159,1
3928,1
457,0
250,1
2907,0
9109,0
1556,0
7051,1
10305,0
8583,1
4684,1
1544,0
9742,1
3612,1
3423,0
7,1
7025,1
709,0
2831,1
5423,0
10223,0
3555,0
875,1
587,1
7963,1
8712,0
6488,1
9524,1
3318,1
2541,1
438,0
10143,0
249,1
89,1
2795,0
498,1
6919,1
1668,0
8633,1
1734,0
7323,1
3596,0
7654,0
6605,0
4644,1
3465,0
5757,0
6596,0
7310,0
1627,0
10184,1
10289,0
8651,0
4094,0
1666,0
7206,0
6287,1
4154,1
2098,1
6077,0
9295,1
5742,0
2872,0
3331,1
3041,0
8488,1
573,0
9989,1
3960,1
4351,0
3691,1
9876,1
9395,1
4060,0
9099,0
4326,1
10436,1
8845,0
2431,0
3646,1
5494,0
1611,0
9252,1
1624,1
6858,1
4303,0
7823,1
8430,0
9053,0
8119,1
4002,1
5250,0
6494,0
80,1
1918,0
10057,0
5110,1
5239,0
459,1
5562,1
7673,1
8090,0
8694,1
3789,1
10174,1
7198,1
9081,0
10130,1
9761,0
6853,0
7285,0
7948,1
5075,0
819,0
2228,0
9009,0
9349,0
7334,1
5824,0
4586,0
9424,0
9490,1
6444,1
2121,0
8926,1
1543,1
6035,1
1955,0
7499,0
4403,1
6323,0
7811,0
4109,0
900,1
9199,0
6186,0
8548,0
7559,0
1958,1
4349,0
8657,1
9871,1
7943,1
7655,1
9239,1
3274,0
4858,1
860,0
20,0
5821,1
7632,0
1522,0
8155,1
8063,0
826,1
4518,0
3222,0
7680,1
4222,0
1822,1
3303,1
601,0
9072,0
9288,1
9582,0
6681,1
4155,0
678,0
8872,1
5458,0
3833,0
2580,0
2216,1
10325,1
8397,1
8136,1
609,0
6491,1
10365,0
1948,0
6264,1
6724,0
4451,0
10099,0
10358,1
2918,1
10203,1
1857,0
9251,1
1731,0
1681,0
4483,0
8375,0
527,0
949,1
581,1
3854,1
7768,0
6482,0
38,0
5880,1
3357,1
1615,0
476,0
6794,0
5546,1
4078,0
5749,1
4420,0
6684,0
5503,1
7415,0
10329,1
4077,1
5788,0
1576,1
2945,0
237,1
1078,1
2822,0
2136,0
6336,1
10123,1
9437,0
4239,1
6391,0
4332,0
2691,0
1953,1
2617,1
7377,0
4487,0
6417,0
6510,1
4675,0
8111,1
5800,0
6341,0
4915,0
5183,1
4032,1
3452,1
656,0
4120,1
2693,1
6985,0
6466,0
4204,0
9518,0
6827,0
4618,0
9523,1
621,0
8880,0
9426,1
117,1
6837,0
8622,1
9384,1
1946,1
6882,1
4264,0
4454,0
4799,1
4607,0
9946,0
10040,0
4937,1
2578,0
9136,1
9551,0
4842,1
3898,0
6326,0
5888,0
10272,1
2411,1
7650,0
9869,1
1717,1
9138,1
9844,0
2370,1
7012,1
4140,0
5591,0
9944,0
10152,1
3314,1
3014,1
772,1
7046,1
5049,0
3548,1
7055,1
4433,0
1709,0
2928,1
5108,1
526,0
3276,1
4889,1
5904,0
9272,1
9083,1
5741,0
10135,0
2202,0
7959,1
5290,1
5574,0
8605,1
5124,0
7596,1
8250,0
6280,1
4609,1
517,0
4380,0
7639,0
6696,0
7304,0
4,0
8309,1
53,0
6790,0
4604,0
3169,0
756,1
6317,0
9765,1
8702,0
2586,1
6263,1
8411,0
1941,0
6018,0
7828,0
4207,0
7151,0
740,0
9556,0
8178,0
1819,1
2731,0
3086,1
7356,1
691,1
59,0
9022,0
431,0
5567,1
5697,0
2533,1
9241,1
792,1
362,1
2739,0
8646,1
3502,1
3460,1
254,0
7539,1
2205,0
8406,0
585,1
3860,1
10455,0
8453,1
267,0
8211,1
2196,0
2025,0
8410,1
5185,1
3366,1
2521,1
6380,1
7648,1
1843,0
7661,0
2372,1
6988,1
5215,0
4854,0
9837,0
3698,0
2095,1
1667,0
3275,0
5689,1
4987,0
3806,1
7783,1
3887,1
8144,1
9824,0
7891,1
4248,0
552,0
5832,0
7445,0
1009,0
5919,0
5639,0
4808,1
2002,0
2788,1
5209,0
7952,1
8112,1
7552,0
6818,1
8374,1
406,1
1836,1
7355,1
1959,0
235,1
8846,1
2789,1
6762,1
2572,0
862,1
57,0
5473,0
4098,0
2727,1
136,0
39,0
264,1
2044,1
2083,0
6554,0
7931,0
6999,1
8838,1
234,1
663,1
7168,0
4583,0
5897,0
8773,1
893,1
4950,1
3787,1
8905,0
3377,0
2637,0
4766,0
296,0
62,0
2633,1
6411,1
3573,1
3369,0
5398,0
6691,0
2364,0
1588,1
4230,0
6616,1
7087,1
1931,1
9667,0
2993,1
6712,1
3012,1
2258,0
6983,1
5448,1
5351,1
8475,0
6410,1
10007,0
3035,1
9767,0
9376,0
9185,1
4631,0
3987,1
3316,0
4674,0
7312,1
9636,1
6631,0
6479,0
1685,0
689,1
8868,0
7738,1
2373,1
434,0
8209,0
4397,0
8447,0
1654,0
4934,1
7591,0
5459,0
6116,0
6015,1
10332,1
8346,0
4191,0
8707,0
8518,1
9587,0
9365,0
3023,0
195,0
5056,0
10246,1
6338,1
4138,0
5715,0
8735,0
1688,1
10178,1
3105,1
3135,0
3907,1
8778,1
3547,1
4413,1
474,1
6713,1
224,1
1569,0
8086,0
5054,1
9608,1
5628,0
653,1
4450,1
3333,1
9041,0
6089,1
4726,0
3003,0
6135,1
6374,0
7349,0
9950,0
7126,1
7175,1
10151,1
514,0
1854,0
3793,1
3332,1
4658,0
4217,0
5104,1
1581,0
7544,0
4836,0
7232,0
1951,0
155,1
8852,1
9769,0
5344,1
6795,0
1473,1
2182,0
7347,1
2448,1
10002,1
1720,1
10117,0
5597,0
2702,0
3348,1
746,0
236,1
6389,1
7856,0
6359,0
4846,0
26,0
4187,0
122,0
7050,1
6569,0
8040,1
7900,0
1464,1
8463,0
3249,1
9274,1
4389,0
3167,0
4545,0
2600,0
4125,1
6169,1
4382,0
9622,1
6878,1
962,1
3159,0
9970,1
2054,0
9285,1
2830,1
10397,1
4995,0
4525,0
1538,1
4066,0
6593,1
2156,0
7172,1
3563,1
9554,0
9707,1
347,0
5593,0
7557,1
896,1
1932,0
8177,0
6568,0
968,1
1758,0
214,1
387,0
9037,0
1526,1
1699,0
3515,1
4926,1
4146,0
7825,1
8637,1
5770,0
8818,1
4716,0
3066,1
5452,1
4938,1
154,1
918,1
4229,1
2419,0
9309,1
4234,0
3686,1
10159,1
9867,1
8786,0
4006,1
5317,0
74,1
9016,0
7964,1
2563,1
7623,0
535,1
8961,0
7146,0
6295,1
9637,0
2554,1
5475,1
2623,1
2929,0
3603,1
283,0
3050,0
3367,1
4665,0
1587,0
940,1
5751,1
3782,0
5730,1
33,1
5289,0
3282,0
7333,0
8673,1
7362,1
3546,0
429,0
3835,1
7130,0
3498,1
1656,0
9629,0
8559,0
5996,1
3961,1
3207,1
8417,1
5719,1
9606,0
9666,1
8042,1
837,1
1982,0
750,1
3724,1
557,0
9806,0
2867,0
7924,0
5168,1
7938,1
1920,0
10342,1
5635,0
7338,0
9217,0
9495,1
4989,1
8195,0
3911,1
6409,0
273,0
6992,1
9058,1
776,1
10091,1
7421,0
5653,1
1682,1
7537,0
1662,0
7001,0
3940,1
5136,0
5005,1
3198,0
6536,1
6303,1
42,0
7876,1
10126,0
6706,0
5245,0
8492,0
110,1
8542,0
8774,1
7382,0
6652,1
6423,1
5295,0
2674,0
10104,1
4479,1
523,1
2915,1
1486,0
7599,1
4957,1
2397,0
8795,1
8592,0
5425,1
5559,0
274,0
5758,0
10023,0
9453,0
2063,1
7614,0
9503,1
2595,1
9694,0
9339,1
6566,1
4804,1
1809,0
14,0
4174,0
8230,1
10386,1
7815,0
5778,0
8611,1
4782,1
7133,0
6929,1
6399,0
6955,0
3963,0
4406,0
10182,0
4981,1
1564,0
9889,0
6750,1
4730,1
10051,0
9650,0
5156,0
7226,1
6613,1
7651,0
2354,0
1046,0
3765,1
1751,0
5166,1
60,0
6883,0
5422,0
4180,1
6299,1
8983,0
8076,0
6166,0
8493,0
9568,1
3655,0
9421,0
1619,0
600,1
6763,0
313,0
8478,0
5231,0
7778,1
6347,0
2246,0
7463,0
8729,0
2556,0
7664,1
5536,1
2383,1
9183,0
7033,1
3800,1
7360,0
99,0
6020,1
1793,0
5707,0
8902,1
8959,1
8054,1
6383,0
5892,0
4964,0
2686,1
4440,0
8750,0
2322,0
1018,0
8000,1
5822,0
944,1
4301,0
4385,0
2814,0
1714,0
10108,0
278,0
7124,1
170,0
4691,0
4441,0
6036,1
6943,1
329,0
2155,0
829,1
3936,1
3763,1
8355,1
898,1
4856,0
1568,0
7270,0
9361,0
4017,1
9362,1
6854,0
3143,0
3868,1
9155,0
9549,1
7488,0
6026,0
8666,1
5658,1
5466,0
8256,1
3174,0
3140,1
4315,0
6372,0
7998,0
5849,1
5924,1
5831,0
6485,1
448,0
5775,0
8841,1
5945,1
4126,0
8710,0
369,1
3212,0
2546,0
5053,0
8203,0
7804,0
3608,0
2076,0
1938,0
569,0
4117,0
5004,1
7723,0
7381,0
2536,0
3265,1
8283,0
2651,0
263,0
7777,1
7805,1
444,0
7307,1
8190,1
3480,1
7616,0
9458,0
9540,0
295,0
7656,0
3043,0
3682,1
7960,0
8116,0
9613,1
7358,0
4966,0
2226,1
6562,1
3149,0
10219,1
7907,1
6611,0
10207,1
997,1
3895,1
3874,1
3019,1
3972,0
4419,0
9778,0
3636,1
4118,0
8381,0
2340,0
7262,1
9922,0
5427,0
7620,1
5223,0
377,1
5364,1
6307,1
2978,0
7633,1
3193,1
9203,1
9462,0
9894,0
6306,0
8405,0
3445,0
82,0
3248,0
8158,1
3148,1
10025,0
1891,1
9275,0
6385,0
6841,0
7879,1
8239,1
560,0
88,0
6733,0
9808,0
1889,1
5040,0
1904,1
5976,0
471,1
8723,1
9898,0
3071,0
1545,0
9089,1
9310,0
9463,0
5019,0
2260,1
1873,0
3385,0
5958,0
4831,0
9222,0
1527,0
6208,1
6250,0
7579,1
5526,1
1644,0
5782,0
4530,1
259,1
6645,1
8221,0
9954,0
1006,0
10393,1
2438,1
3436,1
3370,0
4231,0
9001,1
8639,1
9579,1
7727,0
10350,1
3952,1
9766,0
8104,1
10162,1
204,0
3530,1
4613,0
7495,0
8782,0
6075,1
1021,0
2425,0
8989,1
3968,1
788,1
8543,0
1680,1
6431,1
2893,1
2232,0
1853,1
2105,0
9348,1
8974,1
7085,1
6594,0
8920,0
3412,1
7919,1
10103,1
4216,0
9768,0
7798,0
2517,1
9596,0
1962,1
655,0
7927,0
6148,0
5177,1
2154,0
5486,1
8950,0
9624,1
7251,0
6393,0
2779,0
6901,1
47,1
506,0
7303,0
6008,1
2252,0
8566,1
1050,0
8727,0
199,0
10179,1
7271,0
5254,1
4015,1
543,0
3771,1
6086,0
3008,0
8034,1
9676,1
618,0
8647,0
8784,1
7885,1
2319,1
8227,0
5129,1
8910,0
4292,0
2828,0
9723,1
4668,1
9771,0
4350,0
630,1
7753,0
8326,0
5008,0
5953,0
5879,1
3205,0
4503,0
4693,1
7441,1
5122,1
5696,0
3235,1
5031,1
2152,0
373,1
1844,1
2500,0
9696,1
9036,1
9152,0
9045,0
7681,0
6103,0
7017,1
6220,1
370,0
5678,0
5070,0
348,0
994,1
7489,1
1732,1
8269,0
9905,1
3521,1
4955,1
7039,0
4199,1
854,0
491,1
9108,0
3827,1
9981,0
6772,0
891,1
4769,0
2609,0
9715,1
957,1
1988,0
10337,0
1719,0
718,1
1533,0
3805,0
1577,0
1584,0
8331,1
3722,1
4756,1
5956,0
4011,1
9069,0
3485,0
4485,0
3824,1
2141,1
298,0
2330,0
6092,0
2794,0
4262,0
4206,0
2851,0
5026,1
8620,1
3425,0
7685,0
2251,0
5328,0
9835,0
9509,0
8799,1
15,0
7341,0
5718,1
5650,0
6719,0
8377,0
3082,0
10120,0
1503,1
6584,0
7729,0
704,1
4375,1
3416,0
1580,1
2100,1
8100,1
7973,0
6778,0
10454,1
8344,1
9232,0
3042,1
2644,0
5990,0
3901,1
7111,0
6871,1
5789,0
7929,0
8724,0
5975,0
3818,1
1657,1
10267,1
4388,0
6656,1
3285,1
2110,1
8404,0
7019,1
8361,0
3390,1
6741,1
9454,0
2511,1
4535,0
4603,1
9875,0
7189,0
6662,1
2871,1
4108,0
10089,1
2770,0
6042,1
5620,0
4800,0
902,1
3311,0
8740,1
9267,1
7374,1
2538,0
8940,0
9312,0
8427,0
5292,0
2673,1
4869,1
3948,0
8555,0
7237,0
420,0
3130,0
3150,1
1604,0
3687,0
9235,0
7438,0
9000,0
5575,0
8141,1
6055,0
3684,1
6174,0
960,0
184,1
2367,0
2836,0
181,1
8018,0
10417,1
6552,1
7104,1
8745,0
3607,1
3458,1
4772,1
5505,1
1622,0
2486,0
9776,0
6926,1
2038,1
9415,1
9220,1
1965,0
9848,1
8041,1
897,0
4254,0
8602,1
316,0
6786,1
1041,1
284,0
3339,1
1552,0
10193,1
1862,0
992,1
9264,1
4773,1
1867,1
5610,0
6281,0
6244,1
4960,1
4219,1
5806,1
1589,0
6563,0
1057,0
8441,0
3404,0
9215,1
3046,0
5808,0
7999,1
1999,1
9720,1
4755,0
3294,0
344,0
1753,1
6211,1
2969,0
5217,0
2227,0
6346,1
7423,1
7448,0
5866,1
9785,0
7893,1
4652,0
7501,1
5739,0
3634,1
7634,1
4843,0
4360,1
555,1
5765,0
8349,0
8152,0
3430,0
2303,0
603,1
2270,0
5111,1
9086,1
2240,1
5076,0
450,0
998,0
3307,0
3825,1
2267,0
3786,1
1033,0
8418,0
2689,0
3865,1
1676,1
4026,1
4781,0
6941,1
5862,1
1636,1
3231,1
6062,0
938,1
7513,1
652,0
1933,0
3228,1
3593,1
226,0
44,0
10366,1
2186,0
85,0
1658,0
6467,1
5876,0
9561,0
4121,0
10244,1
2706,0
7245,0
9101,0
8442,1
6571,1
8366,1
7259,1
10390,1
3867,1
9082,0
9198,0
986,1
8679,0
442,0
4996,1
2214,1
10084,0
8976,0
266,1
3474,1
7450,0
3277,0
7187,0
4139,0
4864,0
3024,1
2981,1
10085,1
336,0
2255,0
2971,1
6650,0
2877,1
8584,1
8621,1
4091,0
5698,0
8400,0
8232,0
3280,0
1598,0
6387,0
5476,0
6476,1
4366,0
9492,1
9212,1
4370,0
3919,1
7990,1
7045,1
9237,1
10416,1
3476,1
6437,0
5983,0
2441,0
2759,1
3705,1
3381,0
7502,0
7913,1
9860,0
8781,0
7551,1
1716,1
10101,1
79,1
4643,0
5570,0
6838,0
6767,0
4515,1
836,1
5579,0
1860,0
6702,1
8558,1
9154,0
7644,1
8924,0
7571,0
4768,0
2550,0
5540,1
882,0
2762,1
1723,0
4880,1
2984,0
4476,0
2457,0
2430,0
4418,0
9962,1
5206,0
2730,0
3335,1
69,0
1054,0
3125,1
5468,0
9461,0
2826,0
4700,0
6388,0
9263,1
916,1
4817,0
51,1
7608,0
9921,1
5349,0
2663,0
9670,1
8514,0
5059,0
884,1
1947,0
3133,0
6670,0
7626,0
9674,1
9433,0
2184,1
9635,0
9194,0
10121,0
6226,1
6581,0
2645,0
106,0
5906,1
3580,0
2549,1
7371,0
5993,0
7701,0
8593,0
9913,1
858,1
3462,0
2504,0
6755,0
8975,0
5553,1
9929,1
4641,1
7027,0
9708,1
8193,0
5626,0
953,1
2159,0
4054,1
2568,0
8357,0
2017,1
7923,0
7268,0
4196,0
10063,0
9817,0
6881,1
5137,1
6082,1
5708,0
9919,0
6852,0
958,0
7444,0
10278,1
1730,1
1771,1
784,1
10035,0
8459,1
8072,1
3379,1
1733,1
3500,1
966,1
1520,1
9647,1
22,1
4434,0
9853,0
948,1
8830,1
2576,0
8565,0
3979,1
287,0
6137,1
9534,0
9996,0
7196,0
4648,1
3756,0
2201,1
8760,1
6452,0
9965,1
6638,1
9710,1
8753,1
5016,1
6764,0
7541,0
683,0
3454,0
7584,0
7914,1
870,0
8897,1
6920,0
4012,0
3973,1
2855,0
7179,1
2276,0
7324,0
3560,0
1013,1
6267,1
856,1
4150,1
2766,0
8626,1
141,0
9381,1
2345,0
4024,1
4887,0
8457,1
1997,0
3089,1
6296,1
7936,1
9857,0
9321,1
6768,0
9927,1
10234,0
5988,0
4999,1
9388,1
7442,0
6817,1
5394,1
8998,1
6540,0
10038,0
2519,1
394,1
1925,0
7288,0
1489,0
3934,1
4512,1
3078,0
5266,0
8744,1
5189,1
8680,1
3904,1
8020,1
4863,1
3391,1
4424,0
435,1
4825,1
2265,1
7364,0
7224,1
7941,1
5918,1
2010,0
8022,1
2032,0
2442,1
6044,1
2435,0
173,0
4021,1
4986,0
6221,0
9297,0
6806,0
43,0
3942,1
8207,1
8706,0
6367,0
5763,0
8002,1
5382,0
8953,0
841,1
2669,0
8671,1
2943,0
8288,1
6255,1
2802,0
6642,1
9655,1
1744,1
257,0
37,0
8971,0
5721,1
5182,0
2106,1
7747,0
1789,1
8544,0
2935,0
6231,1
1810,0
9419,0
4929,0
6815,1
6503,0
9219,0
6038,0
2942,0
10263,0
3453,1
5055,0
10448,1
8807,0
729,1
2649,0
3727,1
7748,0
8658,0
156,0
6351,1
1646,1
5101,1
481,0
7590,0
754,0
10320,1
6687,0
4798,0
2741,0
9116,0
9683,1
2362,0
6185,1
2429,1
7782,1
1479,1
5265,0
3713,0
6402,1
5542,1
3072,1
382,0
7375,0
5568,1
2790,0
1738,1
10327,0
9096,0
1528,0
2532,0
275,0
6130,1
9743,1
868,0
717,0
2619,0
5381,0
3949,1
1998,1
9265,0
5011,1
4215,0
2061,0
65,0
4927,1
6219,1
5772,0
7067,1
361,0
1693,0
4300,0
8311,1
4462,0
6084,0
1863,0
109,1
4411,0
5279,0
354,0
10036,1
7687,1
4345,0
6013,1
5744,0
6032,1
7788,0
3953,0
7306,1
7646,0
4538,1
537,0
5150,0
3281,1
6939,1
10092,1
3994,1
465,1
9329,0
353,0
9611,1
9344,0
4425,0
1767,1
5560,1
271,0
6353,0
400,1
10026,0
7745,0
5345,0
4979,1
5361,0
5145,0
7850,1
9165,1
8598,0
3537,0
5856,0
4952,0
7840,1
2626,0
3251,1
322,0
458,1
10175,1
7776,1
3025,1
262,1
5033,1
7241,0
1591,0
3528,1
7057,1
10389,1
2870,1
7554,0
5367,0
5928,0
4639,1
8899,0
7812,0
2873,0
917,1
7000,0
9585,1
2206,0
121,0
5352,0
3869,1
2583,0
1944,0
10173,1
2360,0
677,0
6237,1
1960,0
4063,1
6580,0
8188,0
3778,1
9450,0
3905,1
9499,1
6232,0
4181,1
4445,0
4865,0
2781,1
5,0
6965,1
3408,1
1924,1
10247,1
7974,0
10050,1
1765,0
3820,1
9311,1
5504,1
7413,1
9115,0
1461,1
1003,0
3671,1
2239,0
1027,1
2177,1
6830,0
8266,1
3189,0
5230,0
6682,1
10081,0
304,0
10349,1
8049,1
2728,1
2807,0
9584,1
10336,0
6528,0
6913,1
2176,0
588,0
427,0
5637,1
6276,1
9192,0
9669,1
5780,0
3791,1
8174,1
7740,0
805,1
5449,1
9719,1
7082,1
8532,1
1655,0
1881,0
6088,1
6300,1
8053,0
8507,1
7649,0
4057,0
5051,1
9087,1
9324,1
7207,1
9526,0
5275,0
7678,0
8045,1
8115,1
3122,0
1056,0
849,1
7725,0
2424,0
1864,0
4225,0
7279,0
2215,0
7641,0
7704,0
6269,1
8925,0
8285,0
6404,0
8759,1
8013,1
7595,0
3692,1
10344,0
2409,1
3208,0
7321,0
6247,0
2544,1
1898,1
1691,0
4072,0
3022,0
7145,0
6995,1
466,0
6456,1
3591,1
4997,1
1729,1
5125,0
3144,1
5323,1
769,1
7968,1
7336,0
6607,1
7706,0
2618,0
1811,0
5301,0
7880,0
6040,0
9951,1
8499,0
5669,0
2484,0
550,0
8143,1
8238,0
502,0
7588,0
3627,1
5120,0
7468,0
539,1
10434,1
8713,0
5397,1
7197,0
1474,1
2745,0
3398,1
3410,0
6251,1
3989,1
6649,0
3121,0
2543,1
9987,0
7889,0
5084,1
10242,1
4477,0
3304,1
7666,0
582,0
1710,0
5204,1
10408,1
8259,1
8864,1
3932,1
1481,0
5036,1
7851,0
2343,0
5463,1
7515,1
2236,1
627,0
7846,1
5432,1
6517,1
6165,1
8948,1
2656,0
3347,0
3185,0
4778,0
10196,1
8947,0
2445,1
7478,0
2640,0
7222,0
7034,1
6697,0
4269,0
5329,0
6526,1
9308,1
9128,0
1795,0
330,0
341,1
1852,0
5326,0
3863,1
6049,0
7022,1
5720,0
6675,0
739,1
8700,0
9619,0
7796,1
744,0
2185,0
3749,1
8212,0
142,1
9050,1
10249,0
3822,1
8390,0
5815,1
8733,0
7916,0
2468,1
641,0
68,0
277,0
4250,0
2620,1
10266,1
10003,0
2960,1
7029,0
851,1
9733,0
3077,0
3761,1
9353,0
7945,1
8226,0
8214,1
2120,0
430,1
3933,0
8368,0
699,0
367,0
4541,0
9933,1
521,1
7476,0
9985,0
7255,0
4407,1
3227,0
4791,1
9034,1
137,0
4496,0
5942,0
8389,0
8308,1
3182,1
7435,0
23,0
8219,0
3506,1
6589,0
7396,0
8603,1
7909,1
3026,1
8806,1
3925,1
7395,1
9662,1
638,1
7404,0
8501,1
8342,0
634,0
6533,1
7465,0
10304,1
2294,0
2207,0
3087,0
7746,0
1574,0
7967,1
3821,0
10427,0
8146,1
340,1
2230,1
8509,0
9802,0
4548,0
9986,1
7406,0
3401,0
2947,1
4339,1
9150,0
4543,1
7217,0
3941,0
4162,0
9628,0
10428,1
2856,0
8258,0
10238,1
1808,1
6087,1
1074,1
8667,1
2782,1
7493,0
2127,0
945,1
6807,0
8213,0
594,1
3988,0
9142,0
9511,0
2088,0
4592,0
5433,0
4233,0
5846,0
8918,0
9258,1
10405,1
1566,1
9430,0
10331,1
1467,0
3435,0
8032,1
10351,1
10068,1
7814,0
5551,1
3966,1
3396,1
777,0
2700,0
388,0
9117,1
306,1
9131,0
7162,1
6963,0
2957,0
7199,1
2584,0
6041,1
7867,1
7965,0
1530,0
10079,1
5515,1
10075,1
10138,1
6757,0
4112,0
10433,1
9663,0
3529,1
8182,0
5605,1
10446,1
4135,1
7831,1
2545,0
1661,0
850,1
6628,1
4067,0
8358,0
6574,0
3565,0
5922,0
4466,1
9023,1
8833,1
586,1
6910,0
4405,1
6519,0
7843,1
10294,0
5340,0
2087,0
9654,1
4942,1
10095,0
5133,0
9955,1
7780,0
9997,1
10248,0
2647,0
9718,1
2471,0
3039,0
8496,0
439,1
6535,0
2462,1
2417,0
3463,1
3151,1
9276,1
9383,1
9007,0
8873,0
4383,0
2467,1
2574,1
92,0
5830,1
637,1
315,1
660,1
9739,1
1913,1
7147,0
738,1
6722,0
5184,1
9443,1
5729,0
5117,1
5793,0
7492,0
4606,1
8091,1
4390,0
5158,0
7802,1
4718,0
6344,0
8932,0
5957,0
1593,1
5768,0
425,0
6620,0
10377,1
9242,1
574,0
56,0
3468,0
8515,0
6194,0
10343,1
7372,0
1930,0
3886,1
4224,1
9371,1
5554,1
8908,0
3899,1
4774,1
711,1
9566,1
545,1
8380,0
9233,1
9991,0
4625,0
2648,1
2344,0
6647,0
8967,0
6430,0
1515,1
4956,1
1884,1
956,0
4047,1
5500,1
5512,1
2092,0
477,1
9102,0
9868,0
5722,0
6319,0
10031,0
3456,1
4148,0
6416,0
692,0
7676,1
4353,0
8038,0
206,1
5219,0
6820,0
3632,1
6425,0
9699,1
6451,0
7966,0
5723,1
3229,1
9633,0
5025,0
2005,1
6863,0
2530,0
4468,0
6959,0
6147,0
3074,0
3473,1
8574,1
5161,0
8843,0
9533,0
8675,0
7072,1
4074,0
4106,0
2103,1
5203,0
8539,1
4097,0
3176,1
4129,0
5003,1
8092,0
10369,1
2237,0
9926,0
5192,1
7550,1
10168,1
8352,0
1805,1
8674,0
7934,0
7369,0
8023,0
2604,0
2624,1
685,0
4305,0
9530,1
5060,0
2447,0
6085,1
3312,1
2245,0
4948,1
2927,1
9141,1
3710,1
2039,1
10053,0
4866,1
7970,0
7212,0
6888,0
564,0
8262,0
2567,1
6704,0
8556,0
5393,0
9064,0
1866,1
9182,0
8033,1
10112,0
10447,1
6140,0
1000,0
3233,1
9247,0
9286,1
946,1
2444,0
4377,1
2436,0
4767,0
3894,1
5157,0
4458,0
3937,1
9175,0
9580,0
3848,1
5978,1
6894,1
6378,0
4919,1
6119,1
2114,1
5044,0
8074,1
2264,1
5701,1
605,1
7503,0
4524,1
2627,1
9374,1
9684,1
3624,0
8162,1
9814,1
2432,0
5833,0
3878,0
3950,1
9640,1
9211,0
9840,0
4790,0
2204,0
2897,0
6274,1
6811,1
10398,1
8444,0
7318,1
1496,1
1783,0
345,0
2964,0
4895,1
404,0
4273,0
9051,1
5801,0
7410,0
5755,0
9278,0
5550,1
8065,1
3354,1
881,1
6651,1
2174,0
9398,1
3938,1
6448,0
7042,1
5261,0
8298,0
4314,0
2093,1
2654,0
4272,0
7716,0
246,0
5262,0
4916,1
9609,1
6253,1
8224,0
1750,1
9139,0
9721,0
3914,1
3543,1
7439,0
3930,1
5740,0
240,0
2080,0
9786,0
1833,1
6318,0
8752,0
1679,0
2841,0
6047,0
3538,0
9581,1
7625,0
8180,0
2329,0
6446,1
4040,1
8388,0
3774,1
7779,1
859,0
7110,0
3472,1
7101,0
553,0
10274,1
7481,1
9665,0
452,0
1880,0
2455,1
8300,1
7774,0
10321,1
5255,0
8220,1
3108,0
7827,1
8554,1
8973,1
5583,0
6091,1
6623,0
3243,0
229,1
2405,0
7327,0
3855,0
6143,1
7432,0
9472,0
9028,0
4534,0
6915,1
9964,0
593,1
5251,0
2671,0
1596,0
4030,1
5647,0
987,1
3750,0
676,1
7062,0
5634,1
5864,1
5797,0
4071,0
6564,0
8487,0
91,0
1937,0
9304,1
7316,0
5673,0
2878,1
8860,1
10180,1
5395,0
3688,1
40,1
4931,1
5091,1
6588,0
2291,0
3355,1
8067,1
2049,1
7490,0
9345,1
6893,0
7528,0
8451,0
2690,1
848,0
5390,1
2346,0
895,1
4386,0
3760,1
5135,1
3581,1
7319,0
2390,0
5483,1
4959,0
10285,1
4696,1
7688,0
4598,0
3015,1
10090,1
3834,1
475,0
7517,0
213,1
8547,0
4176,0
3234,1
5210,1
3374,0
4357,1
5039,0
9256,0
2902,1
8652,1
8711,0
9409,0
5238,1
3539,1
2280,1
9901,0
540,0
6313,0
9701,0
3870,1
8553,1
8916,0
3890,0
6439,0
7293,1
2714,0
4255,1
10065,0
461,0
509,1
9002,0
2821,1
4341,0
6358,0
9750,0
8988,0
1728,1
2117,0
7409,0
424,0
6373,0
6350,0
9597,0
4848,1
3801,0
9833,0
6914,0
7773,1
5085,0
4901,1
4444,1
1940,0
5710,1
4549,1
7573,1
7561,1
5920,0
4437,0
7981,1
4729,0
478,0
983,1
1634,1
10170,1
6356,1
3990,1
7386,0
1073,1
4156,0
9469,0
4612,0
5949,0
528,0
9855,1
9836,0
10100,0
8907,0
7037,1
3841,1
5151,0
6037,1
8802,0
4806,0
5883,1
6348,0
5311,0
8027,1
7411,1
8581,1
2304,0
3016,0
7744,0
6361,0
4202,0
9593,0
10187,0
5402,0
2126,0
8839,1
8081,1
10391,1
3797,1
4490,0
1762,1
4816,1
921,1
6342,1
6394,1
5370,0
617,0
8078,1
9184,0
2666,1
9055,0
10410,1
9372,0
6641,0
9470,1
9976,1
1011,0
280,1
6516,0
10087,1
8317,1
10276,0
9537,0
7437,1
8634,1
6335,0
5017,0
5726,1
8937,0
2175,0
1934,0
9406,1
1911,0
3138,0
8103,0
5256,0
8789,1
10001,0
2875,0
7328,1
4824,1
4446,0
8911,0
6379,0
6468,1
4308,1
7470,1
8823,0
8323,1
8325,0
3384,1
5416,1
5985,1
6740,0
2281,0
9816,0
4705,0
8473,0
6173,1
6413,1
8216,1
9521,0
10453,0
9863,1
2494,0
632,1
9780,1
5870,1
10250,1
9484,0
5233,1
7863,0
10318,0
29,0
5283,0
2932,0
2195,0
6749,0
7819,1
2287,1
10102,0
6805,0
1926,0
3850,1
2712,0
4783,1
10277,1
9240,1
10061,1
9910,0
10371,1
770,1
4105,0
1686,0
561,1
9442,0
3509,0
4161,0
2783,0
7457,1
34,0
10211,1
1859,1
9634,0
8530,0
198,0
8307,0
7592,0
9697,1
3910,1
6436,0
8192,1
3708,1
9543,0
9249,1
7407,1
10154,1
943,0
8185,1
5116,1
1742,1
3866,1
6401,1
6935,0
1715,1
8135,1
2780,0
2707,1
7491,0
5201,0
342,1
7010,1
5854,0
2475,0
710,0
108,1
10127,0
3712,1
3856,1
4713,1
3044,1
697,1
7090,1
764,0
7908,1
1508,0
7393,0
5335,0
3444,1
2909,1
2505,1
595,0
3657,0
3336,1
4086,0
4175,1
1878,1
3260,0
8704,0
10256,1
2646,0
9789,1
414,1
3811,1
2599,0
2423,0
3085,0
3326,0
7821,1
5548,0
7485,0
1061,0
3027,1
3706,0
2282,0
6223,0
7283,0
9107,0
102,0
8062,0
5308,0
5964,1
8609,0
324,1
3106,0
1066,1
9202,0
5839,0
8225,0
2742,0
1031,1
4531,0
9468,1
6802,1
8472,0
5679,0
5471,1
9583,0
2047,1
6804,1
2068,0
4186,1
4081,0
4104,0
8876,0
762,0
3376,1
358,0
5982,1
4119,0
10016,1
6105,1
5702,0
5644,0
3271,1
7291,0
8720,0
2974,1
6284,1
8810,0
3387,1
9960,0
6950,1
2849,0
3344,0
10133,0
163,0
3164,0
3909,0
1769,0
7741,1
9614,0
3254,1
9804,0
9008,1
9691,0
5552,1
2815,0
4749,1
6984,1
8395,0
8728,1
5107,1
310,1
7809,0
1899,0
4633,0
5700,1
8960,0
255,0
4510,0
5197,1
9755,0
2349,1
6759,0
1510,1
9644,0
2488,0
5224,0
9448,0
8837,1
7576,1
607,1
9569,0
9496,0
2285,1
615,0
3615,0
9505,1
4035,1
2243,0
5703,1
7305,1
7378,0
7403,1
6354,1
7204,1
2559,1
3512,0
8465,0
4642,0
2347,1
7937,0
8606,0
3550,1
6150,1
3644,1
1550,0
8454,0
9238,1
1815,0
4442,1
2767,0
3597,1
8618,0
6441,0
308,1
9412,0
5844,1
9916,0
4689,1
7419,1
3847,1
9762,1
4597,0
7707,0
9681,0
6846,0
10381,1
9159,1
8986,0
8159,0
4039,1
10106,1
767,1
4399,0
4029,1
3804,1
6658,1
2959,0
4290,1
3978,1
10313,1
3324,1
9689,1
964,1
338,1
2090,0
4954,1
1824,0
5228,0
1490,1
941,1
5303,1
8154,1
2638,1
8504,1
965,1
6602,0
7721,0
2793,0
5485,1
4123,0
6462,1
8761,0
2170,0
817,1
6606,1
7006,0
6434,0
6495,0
5491,1
1887,0
1603,0
7617,1
1601,0
21,0
515,1
5284,0
8567,0
3146,1
5356,0
265,0
2096,0
6701,0
5130,0
5169,0
7440,0
2332,0
9714,0
566,1
2102,0
10073,1
8691,1
748,0
2167,1
3479,1
4367,1
3178,1
8301,0
570,0
4347,1
1557,1
332,0
8401,0
8396,0
3586,1
7548,1
3661,1
10415,1
1712,0
8204,1
3764,1
3568,1
5288,0
18,0
6235,1
7239,1
7978,1
6586,0
4426,1
4789,1
8820,0
8014,1
4069,1
3813,0
8084,1
5731,0
8164,0
9103,1
1794,0
2042,0
4436,0
790,1
8350,0
5724,0
933,0
4083,0
1509,0
5007,1
8460,0
5937,1
10198,1
9907,0
3286,0
5396,1
2985,0
5979,1
7456,1
9807,0
7647,0
1802,0
7925,0
9661,1
6330,0
2140,0
4758,0
4438,1
7841,1
7635,0
8708,0
5461,0
9607,0
7497,0
3100,1
2420,1
4909,1
4721,1
6459,1
4099,0
4478,0
864,1
8944,0
2361,0
2955,0
7859,0
9939,1
9011,0
8683,0
3699,0
5001,0
10429,1
5938,0
2211,0
5735,0
2967,0
5278,0
7961,0
5000,1
4245,0
9744,0
3352,1
5089,1
1019,1
5320,1
7531,0
2006,0
9018,0
2099,0
162,1
4692,1
5069,0
3519,1
1828,0
5213,0
1052,1
472,0
7604,0
9262,0
9325,1
6102,1
3210,0
4717,0
8779,0
5372,1
6205,1
5094,0
7242,0
2676,0
9098,0
3004,0
1995,0
6711,1
5838,1
3170,1
5732,1
3319,1
5041,0
4888,1
8415,0
9427,1
8564,0
5426,0
2065,0
7752,0
5569,0
2963,0
3052,0
1641,0
9162,1
7243,1
6464,0
9140,0
2119,0
4851,1
4760,0
546,1
5062,1
8122,1
2057,0
61,0
2107,0
5216,1
9327,1
4763,0
8585,1
5524,1
8132,1
6059,1
494,0
9811,0
244,0
6524,1
4923,1
5428,1
1994,0
5502,1
1922,0
6134,1
5738,0
2074,1
3239,0
4378,0
6332,0
10141,0
513,0
6505,0
8792,1
7277,0
10097,1
4213,1
879,1
9756,0
6239,1
6123,1
3772,0
7292,0
6824,0
7743,0
7088,0
3216,1
3349,0
462,0
4465,1
2133,0
3283,1
12,0
5131,1
6139,1
5353,0
7210,0
6644,1
6188,1
4532,0
9908,0
7912,1
4395,0
8749,0
3450,0
7093,1
6168,1
6131,1
2388,1
1553,0
6016,1
5527,1
8416,0
3882,1
8314,1
7231,0
6694,1
5774,0
9061,1
5347,0
2256,0
8339,1
8709,0
8102,1
7785,0
4619,1
2852,0
604,0
8450,0
3123,1
1821,0
3664,0
7896,1
3358,0
2698,0
3572,0
3255,1
7922,0
5933,1
6782,0
3449,1
7191,0
6268,0
9279,1
5794,0
3715,1
9123,0
6877,0
4313,0
3081,0
6418,1
7830,0
2665,0
10330,1
10301,1
5032,0
4554,1
9270,1
7536,1
9992,0
8765,0
10131,1
6017,1
7791,1
7668,0
2378,0
6705,0
3839,0
6449,0
4484,1
5674,1
8134,1
1612,1
2014,0
9205,0
4748,1
2968,0
5407,0
1610,1
6996,1
7710,0
2864,0
9500,1
4266,0
3343,1
8766,1
4415,1
10004,0
910,1
2440,0
667,1
167,1
4727,0
7443,1
4328,0
3113,0
757,1
8811,1
7786,0
4238,0
5028,1
5748,1
749,1
10291,0
5489,1
7971,1
10302,1
6110,1
5300,1
9130,0
9883,0
8392,0
6176,0
8529,0
5563,1
1008,0
3375,0
5318,0
0,0
2352,0
4402,1
3002,0
4884,0
7228,0
9830,0
9854,1
1768,1
5327,1
8287,1
995,0
5968,0
7075,1
5431,0
10209,1
4736,1
3977,1
6803,1
2801,0
2681,1
10167,1
3976,1
5843,0
9486,0
8244,0
2844,1
4042,1
10375,1
10153,0
3320,1
83,0
10093,0
6579,0
8420,0
7587,0
9054,0
3549,1
8306,0
9207,1
4570,0
2784,1
2930,0
4920,1
9590,0
6322,0
3005,1
9941,0
10172,1
3270,1
3290,1
3183,1
7049,1
1796,1
650,1
5802,0
8847,1
7976,1
2122,0
5606,0
9748,0
9056,1
1986,1
10069,0
5745,0
7058,1
3996,1
624,0
10199,0
727,1
7171,1
6710,1
8715,0
8114,1
9106,0
286,0
1039,1
5294,0
6178,0
2315,0
785,1
10308,1
4228,0
3165,1
6981,1
1065,1
3843,1
3590,1
7467,0
2046,0
2297,1
421,0
6474,1
1546,0
10458,0
695,0
8590,1
4588,0
10399,1
4762,1
3120,0
7837,0
1675,0
5487,1
9114,1
9917,0
3069,1
791,1
5909,1
196,0
628,1
3104,1
3955,1
6475,0
1847,1
8340,0
10224,1
8785,0
5717,1
10183,1
4232,0
3139,0
7214,0
1817,0
8513,0
9975,0
5907,0
3689,1
3556,1
7894,1
301,0
9188,0
9831,0
2481,1
1825,0
9172,1
5513,1
2760,1
2169,0
2261,0
10113,1
139,1
2427,1
8048,1
814,1
1502,1
5509,1
5940,1
2733,0
7216,1
6504,1
980,1
10300,1
6438,1
9363,1
4723,0
5443,0
8972,0
4331,0
4247,1
445,0
8718,1
10105,1
761,1
2598,1
211,1
2165,0
3131,0
7979,1
8842,1
7142,0
6615,0
4493,0
103,0
482,1
6167,1
3007,0
4776,1
8851,0
2224,1
5895,1
6521,0
7921,0
2752,0
8730,1
241,0
3308,0
10213,0
8052,1
4827,0
3421,1
8126,1
7078,0
9017,1
4968,1
5355,1
977,1
5038,1
10225,0
6005,1
8088,1
52,0
7317,1
8327,1
6162,1
10137,0
5586,1
3552,0
8790,0
6994,1
8743,0
3103,1
9300,1
8522,0
4209,0
3266,1
7071,1
5986,1
3696,1
4061,1
1649,0
9408,1
9456,0
4100,0
493,1
6405,1
5030,1
6325,1
8495,0
6154,0
10239,1
1879,0
3923,1
827,1
130,0
5545,0
5820,1
10015,1
3792,0
3857,1
6967,1
2816,1
969,1
6945,1
1979,0
3045,0
4237,0
8822,0
1989,0
4985,1
4178,1
4561,0
1872,0
4614,0
2412,0
3877,1
4296,0
9980,1
6903,1
4394,1
2824,0
2060,1
2272,1
8676,0
671,1
4316,0
8977,0
3731,1
10359,0
9570,1
8589,1
6550,0
10185,1
4028,1
6567,0
2012,0
6523,0
7118,0
8521,1
1536,1
2020,0
9891,1
9620,1
8024,1
4709,0
10110,0
6477,1
10444,0
8758,0
3645,0
2726,0
5798,0
8385,1
5516,1
9513,0
7397,0
8695,0
5270,1
8424,0
2286,0
2194,1
2579,0
7514,1
8449,1
7947,0
3747,1
5148,0
3853,1
5482,1
410,1
9071,1
8252,1
6911,0
1897,0
8476,1
2832,1
9091,1
6052,1
4252,0
5249,0
9782,1
4807,0
1618,0
755,1
912,1
2890,0
4327,1
2210,1
5558,1
2056,0
4616,1
5727,0
7538,1
5948,0
3770,0
5173,1
4087,0
7365,0
5103,0
10014,0
9,0
54,0
446,0
1677,0
4591,1
4537,0
3378,1
5375,0
7663,0
2094,1
3802,1
7569,0
2066,0
10129,0
8455,0
9843,1
113,0
7582,0
7733,1
7580,1
752,1
6595,1
3040,0
8057,0
10096,0
4080,0
3639,1
5178,0
4019,1
4847,1
5325,0
2433,0
606,0
9197,0
2657,1
7096,0
10048,0
4742,0
5162,0
6730,0
10115,1
8756,1
9127,1
8641,1
4977,1
6511,0
2183,0
10060,1
7068,1
3569,1
5952,0
9413,0
8776,0
6734,0
1893,0
4055,1
833,1
3900,0
9226,0
866,1
1697,1
6842,0
7813,0
4201,0
2069,0
8632,1
2149,1
6671,1
1529,1
5813,1
2234,0
658,0
3902,1
4580,0
10149,0
5981,1
3859,1
3250,1
9510,1
2577,1
4840,1
7832,1
2387,0
6538,0
6979,1
386,1
2363,0
6458,1
922,1
9850,1
4136,0
5218,0
5316,1
9012,1
3056,0
5090,0
147,0
7109,0
2323,0
2958,0
8670,0
3862,1
6064,1
6499,0
7424,0
5565,1
9025,1
4751,1
10254,1
7754,0
6801,1
6155,0
7357,0
2829,0
2030,1
5598,1
8489,0
6653,1
8482,1
821,1
10423,1
3879,0
6891,0
289,1
5465,1
967,1
9145,1
8844,0
9229,0
9068,1
3785,1
4547,0
8169,0
5496,1
3415,1
7672,0
3667,0
7720,1
10392,1
3478,1
8428,0
7677,0
3662,1
6609,0
2799,0
6184,1
7564,1
5417,0
1906,0
8854,0
9617,1
2719,1
468,0
3584,1
3830,0
10169,0
6357,0
7163,0
5588,1
4630,1
10074,0
8310,1
6990,1
4759,1
8419,0
6053,1
2988,0
5578,0
176,1
865,1
6823,1
7566,0
2050,0
10171,1
2359,1
9525,0
9712,1
9741,1
3980,1
5617,1
6752,0
1950,1
7311,0
8039,1
9872,0
4310,1
8541,0
5585,0
690,0
10275,0
6487,1
7043,0
8268,0
3141,1
9659,1
2835,0
3218,1
4244,1
2747,1
1952,0
6156,0
8588,0
672,0
10189,1
2998,0
1463,1
5337,1
3187,1
6019,1
3861,1
6850,1
8270,0
7009,1
6525,0
7930,1
6972,0
9847,1
4392,0
8319,0
8172,0
4818,0
4049,1
4265,0
2772,1
8661,1
10309,1
2053,0
2052,1
5531,1
4500,0
5596,1
260,0
9888,0
2259,1
9973,0
4819,1
1834,0
9516,0
7874,0
3566,0
149,0
6876,1
10409,1
6171,1
5149,0
1956,0
8021,1
4031,0
8403,0
4251,0
9301,0
2218,0
5954,1
6718,1
5012,1
5126,0
2514,1
10299,0
3464,1
2675,0
2487,1
6478,0
4637,1
4414,1
3392,0
1792,0
6892,1
8443,0
6726,1
591,1
6731,1
10005,0
7253,0
8587,1
3173,1
9736,1
8425,1
6182,1
2143,0
5293,0
2672,1
6240,1
447,0
4348,0
4738,0
7766,0
4841,1
3717,1
3340,1
5532,1
5784,1
3501,1
10293,1
6760,0
4036,1
4647,0
5677,0
846,0
8601,1
1780,0
7940,0
2797,0
8137,1
8386,1
6758,1
5474,1
1839,1
1961,0
5050,1
503,0
1036,0
4037,1
9664,1
9370,1
741,0
9680,1
6060,0
2406,0
3679,1
4076,0
4589,0
5240,1
8196,0
4257,0
4256,0
7842,0
9859,1
9210,1
432,1
3672,0
3810,1
9653,1
8935,0
3179,1
6902,1
6884,1
7300,1
9722,1
698,0
6216,1
2908,1
203,1
3330,0
2659,0
9841,1
5043,0
6339,0
3675,1
4283,0
4681,1
1848,0
8456,0
9796,0
4628,1
8991,1
4672,0
1049,0
1462,1
9375,1
2135,0
10370,0
1572,0
2601,1
380,1
7426,0
4595,0
2602,1
470,0
4149,1
1045,1
507,0
9877,1
1901,0
9947,1
6080,1
3783,1
2118,0
6940,1
242,0
7609,0
3219,1
3554,1
8228,0
4291,0
4765,1
1996,1
2453,1
4582,0
2212,1
2266,1
2327,0
4562,1
5932,1
5874,0
3732,0
6962,0
8296,0
6869,1
4101,0
4010,1
6859,1
10027,1
2804,1
3673,1
10080,1
3794,1
4821,1
3252,1
3666,1
5860,0
2597,0
7167,0
9958,0
7361,1
6872,1
7866,1
547,0
9873,1
505,0
8919,0
10383,1
9483,0
9126,0
3649,1
5280,0
9717,1
2166,0
8722,0
1861,0
2104,1
857,1
8771,0
223,1
7957,1
3475,1
3360,0
334,1
8688,0
4287,0
3995,0
5113,1
8186,0
8271,0
6365,0
888,1
4667,0
423,0
2874,1
9284,0
1575,0
5234,1
7155,0
813,1
8921,1
6249,1
7611,0
2502,1
3621,0
5680,1
3489,0
4267,1
10316,1
10056,1
2097,1
9967,1
5528,1
7160,0
212,0
1984,0
8299,0
7852,0
3439,0
4236,1
5845,1
7213,1
2861,0
5834,0
5490,1
9885,1
7756,0
9076,0
10208,0
5357,1
4739,1
631,0
4585,1
3242,1
5642,0
6282,1
2244,0
6138,0
6610,0
3036,0
7177,0
8643,1
5572,0
811,1
5260,1
7872,1
192,0
7182,1
6573,1
9677,1
3098,0
2946,0
7385,0
9186,0
5641,0
8551,1
3168,0
2007,1
5592,0
5202,0
3929,1
3505,1
6622,0
2271,0
7086,1
8848,1
5943,1
7035,1
2926,0
9171,0
7472,0
6061,0
1785,1
4167,1
9809,0
6224,1
10043,1
2164,0
428,0
10078,0
8650,1
2041,1
9508,0
872,0
8347,1
1784,0
504,0
9062,0
8398,0
4814,0
2520,1
5810,1
5963,1
1652,0
9439,1
1838,0
1755,1
1029,1
8044,1
3762,1
3427,0
7011,1
1870,0
3269,0
867,0
4220,0
7984,0
4023,1
2275,0
2225,1
723,0
6506,0
1640,0
4268,1
538,1
4649,1
7935,1
4337,1
1776,0
7483,0
3323,1
6421,0
8133,1
1840,1
3202,0
6179,1
5604,1
6093,1
1075,1
7496,0
2803,0
3721,1
5319,1
10157,1
8138,1
6484,0
8467,0
3116,0
3520,1
6045,1
5613,1
6034,0
5766,0
7643,1
9402,1
6743,1
8881,1
10163,1
8098,0
9032,1
2748,1
7479,0
6779,0
8421,0
8235,1
1858,0
774,1
2062,0
1513,1
1537,0
10312,1
2178,0
486,1
4553,1
327,0
501,1
3616,1
1645,1
1558,1
4298,0
9181,1
5557,1
7354,0
6426,1
9660,1
2358,0
2845,1
5378,0
6899,1
2711,0
7274,0
2499,1
4944,1
6717,1
5861,1
924,1
899,1
889,1
191,0
5462,0
9764,0
3779,0
7598,1
4130,1
719,0
2187,0
765,1
3974,1
8373,0
8222,1
8436,1
3836,0
9124,1
5229,1
544,1
9977,0
2128,0
3448,0
4073,0
7628,0
6228,1
1493,0
4355,0
7458,0
7003,0
375,1
2524,0
2528,0
6118,1
1983,0
7703,1
490,0
2365,0
2838,0
6821,1
1519,0
6366,0
48,0
1480,1
2605,0
1976,1
10082,1
8333,0
633,1
8012,1
9340,1
10191,0
4669,1
3411,1
8824,1
1923,1
6865,0
9953,0
1674,0
8840,1
9328,1
3160,1
3073,1
3300,1
3237,0
331,0
9396,1
7932,1
4930,0
3467,0
9726,1
7516,1
31,0
2547,0
9085,1
794,0
10334,1
2904,0
3047,0
5840,0
8242,0
2616,0
3630,0
7061,1
4095,0
4336,1
2375,0
4053,1
8887,1
7257,1
9968,1
3620,1
9273,0
5893,1
7344,0
9692,1
7459,1
7401,0
2337,1
6968,1
775,1
5419,0
5464,1
4664,0
114,0
8183,1
4878,1
5199,1
9673,1
2478,0
2903,1
5790,0
8731,0
1551,0
3128,0
8615,1
6023,1
9244,1
6290,1
1846,0
6917,1
5783,0
9294,1
10372,1
2111,1
6591,1
3536,1
8370,0
5951,1
7089,1
4867,0
9489,0
9652,1
7028,1
5625,0
3431,1
3602,1
8408,0
5018,1
6728,0
5786,0
5970,1
2179,0
10166,1
7343,0
9042,0
8302,1
8281,0
4460,0
8466,1
8519,0
1071,1
4584,0
861,1
9391,0
3162,1
9004,1
2283,0
2079,0
5445,1
9687,0
131,0
612,1
9514,1
9902,0
9014,1
28,0
1874,0
8955,0
7164,0
5187,1
7134,0
5627,1
6789,0
1981,1
2581,0
3946,1
309,0
8009,0
548,0
9046,1
10333,1
2817,0
5711,1
9604,0
9555,1
6406,0
3638,0
8231,0
6545,1
3888,1
2377,0
3199,0
8402,1
5264,1
4978,1
6952,1
10118,1
1554,0
1,0
2757,0
9429,0
6320,0
6646,0
2356,1
6798,1
2944,0
10220,1
3246,1
6635,0
5683,0
9909,0
2839,0
3733,1
8026,1
227,1
7691,0
9678,1
10021,0
763,0
2812,1
4195,0
5418,1
7218,0
3739,1
7031,1
2144,0
3943,1
3102,1
975,0
5346,0
885,1
9369,1
1908,0
554,0
10156,1
6377,0
9818,1
4574,1
5484,1
7105,0
1684,1
7717,0
7015,0
9892,0
834,1
10380,0
1023,0
9080,0
4882,1
5099,1
2150,0
9777,0
10360,1
9094,0
8093,1
530,0
3461,0
3253,0
7839,0
5590,0
7466,0
7387,0
8913,0
5714,1
753,0
7683,1
9047,0
809,1
5685,1
5564,1
7097,0
8139,1
8243,0
5068,1
6104,1
10395,1
9457,0
9255,1
3191,0
6432,1
1597,1
6966,1
9749,0
10382,1
5093,1
783,1
2553,1
3992,1
7234,1
7933,0
7394,0
7697,0
6262,1
3079,0
5816,0
4797,1
4706,0
2722,0
9189,0
1637,1
648,0
2366,0
8001,1
1518,1
10228,1
7272,0
2668,0
7686,1
9336,1
7192,0
5024,0
9392,1
10404,1
384,0
9378,1
568,1
8783,0
2692,0
4158,0
800,1
10077,0
8257,0
